nombre, email
Juan, juan@gmail.com
Dejah, dejah@gmail.com
Pancho, pancho@gmail.com
Paco, paco@gmail.commike,mike@gmail.com
mike,mike@gmail.comPrueba,prueba@gmail.com
